sequence,label
TACTAGCAATACGCTTGCGTTCGGTGGTTAAGTATGTATAATGCGCGGGCTTGTCGT,1
TGCTATCCTGACAGTTGTCACGCTGATTGGTGTCGTTACAATCTAACGCATCGCCAA,1
GTACTAGAGAACTAGTGCATTAGCTTATTTTTTTGTTATCATGCTAACCACCCGGCG,1
AATTGTGATGTGTATCGAAGTGTGTTGCGGAGTAGATGTTAGAATACTAACAAACTC,1
TCGATAATTAACTATTGACGAAAAGCTGAAAACCACTAGAATGCGCCTCCGTGGTAG,1
AGGGGCAAGGAGGATGGAAAGAGGTTGCCGTATAAAGAAACTAGAGTCCGTTTAGGT,1
CAGGGGGTGGAGGATTTAAGCCATCTCCTGATGACGCATAGTCAGCCCATCATGAAT,1
TTTCTACAAAACACTTGATACTGTATGAGCATACAGTATAATTGCTTCAACAGAACA,1
CGACTTAATATACTGCGACAGGACGTCCGTTCTGTGTAAATCGCAATGAAATGGTTT,1
TTTTAAATTTCCTCTTGTCAGGCCGGAATAACTCCCTATAATGCGCCACCACTGACA,1
GCAAAAATAAATGCTTGACTCTGTAGCGGGAAGGCGTATTATGCACACCCCGCGCCG,1
CCTGAAATTCAGGGTTGACTCTGAAAGAGGAAAGCGTAATATACGCCACCTCGCGAC,1
GATCAAAAAAATACTTGTGCAAAAAATTGGGATCCCTATAATGCGCCTCCGTTGAGA,1
CTGCAATTTTTCTATTGCGGCCTGCGGAGAACTCCCTATAATGCGCCTCCATCGACA,1
TTTATATTTTTCGCTTGTCAGGCCGGAATAACTCCCTATAATGCGCCACCACTGACA,1
AAGCAAAGAAATGCTTGACTCTGTAGCGGGAAGGCGTATTATGCACACCGCCGCGCC,1
ATGCATTTTTCCGCTTGTCTTCCTGAGCCGACTCCCTATAATGCGCCTCCATCGACA,1
AAACAATTTCAGAATAGACAAAAACTCTGAGTGTAATAATGTAGCCTCGTGTCTTGC,1
TCTCAACGTAACACTTTACAGCGGCGCGTCATTTGATATGATGCGCCCCGCTTCCCG,1
GCAAATAATCAATGTGGACTTTTCTGCCGTGATTATAGACACTTTTGTTACGCGTTT,1
GACACCATCGAATGGCGCAAAACCTTTCGCGGTATGGCATGATAGCGCCCGGAAGAG,1
AAAAACGTCATCGCTTGCATTAGAAAGGTTTCTGGCCGACCTTATAACCATTAATTA,1
TCTGAAATGAGCTGTTGACAATTAATCATCGAACTAGTTAACTAGTACGCAAGTTCA,1
ACCGGAAGAAAACCGTGACATTTTAACACGTTTGTTACAAGGTAAAGGCGACGCCGC,1
AAATTAAAATTTTATTGACTTAGGTCACTAAATACTTTAACCAATATAGGCATAGCG,1
TTGTCATAATCGACTTGTAAACCAAATTGAAAAGATTTAGGTTTACAAGTCTACACC,1
CATCCTCGCACCAGTCGACGACGGTTTACGCTTTACGTATAGTGGCGACAATTTTTT,1
TCCAGTATAATTTGTTGGCATAATTAAGTACGACGAGTAAAATTACATACCTGCCCG,1
ACAGTTATCCACTATTCCTGTGGATAACCATGTGTATTAGAGTTAGAAAACACGAGG,1
TGTGCAGTTTATGGTTCCAAAATCGCCTTTTGCTGTATATACTCACAGCATAACTGT,1
CTGTTGTTCAGTTTTTGAGTTGTGTATAACCCCTCATTCTGATCCCAGCTTATACGG,1
ATTACAAAAAGTGCTTTCTGAACTGAACAAAAAAGAGTAAAGTTAGTCGCGTAGGGT,1
ATGCGCAACGCGGGGTGACAAGGGCGCGCAAACCCTCTATACTGCGCGCCGAAGCTG,1
TAAAAAACTAACAGTTGTCAGCCTGTCCCGCTTATAAGATCATACGCCGTTATACGT,1
ATGCAATTTTTTAGTTGCATGAACTCGCATGTCTCCATAGAATGCGCGCTACTTGAT,1
CCTTGAAAAAGAGGTTGACGCTGCAAGGCTCTATACGCATAATGCGCCCCGCAACGC,1
TCGTTGTATATTTCTTGACACCTTTTCGGCATCGCCCTAAAATTCGGCGTCCTCATA,1
CCGTTTATTTTTTCTACCCATATCCTTGAAGCGGTGTTATAATGCCGCGCCCTCGAT,1
TTCGCATATTTTTCTTGCAAAGTTGGGTTGAGCTGGCTAGATTAGCCAGCCAATCTT,1
TGTAAACTAATGCCTTTACGTGGGCGGTGATTTTGTCTACAATCTTACCCCCACGTA,1
GATCGCACGATCTGTATACTTATTTGAGTAAATTAACCCACGATCCCAGCCATTCTT,1
AACGCATACGGTATTTTACCTTCCCAGTCAAGAAAACTTATCTTATTCCCACTTTTC,1
TTAGCGGATCCTACCTGACGCTTTTTATCGCAACTCTCTACTGTTTCTCCATACCCG,1
GCCTTCTCCAAAACGTGTTTTTTGTTGTTAATTCGGTGTAGACTTGTAAACCTAAAT,1
CAGAAACGTTTTATTCGAACATCGATCTCGTCTTGTGTTAGAATTCTAACATACGGT,1
CACTAATTTATTCCATGTCACACTTTTCGCATCTTTGTTATGCTATGGTTATTTCAT,1
ATATAAAAAAGTTCTTGCTTTCTAACGTGAAAGTGGTTTAGGTTAAAAGACATCAGT,1
CAAGGTAGAATGCTTTGCCTTGTCGGCCTGATTAATGGCACGATAGTCGCATCGGAT,1
GGCCAAAAAATATCTTGTACTATTTACAAAACCTATGGTAACTCTTTAGGCATTCCT,1
TAGGCACCCCAGGCTTTACACTTTATGCTTCCGGCTCGTATGTTGTGTGGAATTGTG,1
CCATCAAAAAAATATTCTCAACATAAAAAACTTTGTGTAATACTTGTAACGCTACAT,1
TGGGGACGTCGTTACTGATCCGCACGTTTATGATATGCTATCGTACTCTTTAGCGAG,1
TCAGAAATATTATGGTGATGAACTGTTTTTTTATCCAGTATAATTTGTTGGCATAAT,1
ATATGAACGTTGAGACTGCCGCTGAGTTATCAGCTGTGAACGACATTCTGGCGTCTA,0
CGAACGAGTCAATCAGACCGCTTTGACTCTGGTATTACTGTGAACATTATTCGTCTC,0
CAATGGCCTCTAAACGGGTCTTGAGGGGTTTTTTGCTGAAAGGAGGAACTATATGCG,0
TTGACCTACTACGCCAGCATTTTGGCGGTGTAAGCTAACCATTCCGGTTGACTCAAT,0
CGTCTATCGGTGAACCTCCGGTATCAACGCTGGAAGGTGACGCTAACGCAGATGCAG,0
GCCAATCAATCAAGAACTTGAAGGGTGGTATCAGCCAACAGCCTGACATCCTTCGTT,0
TGGATGGACGTTCAACATTGAGGAAGGCATAACGCTACTACCTGATGTTTACTCCAA,0
GAGGTGGCTATGTGTATGACCGAACGAGTCAATCAGACCGCTTTGACTCTGGTATTA,0
CGTAGCGCATCAGTGCTTTCTTACTGTGAGTACGCACCAGCGCCAGAGGACGACGAC,0
CGACCGAAGCGAGCCTCGTCCTCAATGGCCTCTAAACGGGTCTTGAGGGGTTTTTTG,0
CTACGGTGGGTACAATATGCTGGATGGAGATGCGTTCACTTCTGGTCTACTGACTCG,0
ATAGTCTCAGAGTCTTGACCTACTACGCCAGCATTTTGGCGGTGTAAGCTAACCATT,0
AACTCAAGGCTGATACGGCGAGACTTGCGAGCCTTGTCCTTGCGGTACACAGCAGCG,0
TTACTGTGAACATTATTCGTCTCCGCGACTACGATGAGATGCCTGAGTGCTTCCGTT,0
TATTCTCAACAAGATTAACCGACAGATTCAATCTCGTGGATGGACGTTCAACATTGA,0
AACGAGTCAATCAGACCGCTTTGACTCTGGTATTACTGTGAACATTATTCGTCTCCG,0
AAGTGCTTAGCTTCAAGGTCACGGATACGACCGAAGCGAGCCTCGTCCTCAATGGCC,0
GAAGACCACGCCTCGCCACCGAGTAGACCCTTAGAGAGCATGTCAGCCTCGACAACT,0
TTAGAGAGCATGTCAGCCTCGACAACTTGCATAAATGCTTTCTTGTAGACGTGCCCT,0
TATTCGTCTCCGCGACTACGATGAGATGCCTGAGTGCTTCCGTTACTGGATTGTCAC,0
TGCTGAAAGGAGGAACTATATGCGCTCATACGATATGAACGTTGAGACTGCCGCTGA,0
CATGAACTCAAGGCTGATACGGCGAGACTTGCGAGCCTTGTCCTTGCGGTACACAGC,0
TTCGTCTCCGCGACTACGATGAGATGCCTGAGTGCTTCCGTTACTGGATTGTCACCA,0
CATGTCAGCCTCGACAACTTGCATAAATGCTTTCTTGTAGACGTGCCCTACGCGCTT,0
AGGAGGAACTACGCAAGGTTGGAACATCGGAGAGATGCCAGCCAGCGCACCTGCACG,0
TCTCAACAAGATTAACCGACAGATTCAATCTCGTGGATGGACGTTCAACATTGAGGA,0
TGAAGTGCTTAGCTTCAAGGTCACGGATACGACCGAAGCGAGCCTCGTCCTCAATGG,0
CTATATGCGCTCATACGATATGAACGTTGAGACTGCCGCTGAGTTATCAGCTGTGAA,0
GCGGCAGCACGTTTCCACGCGGTGAGAGCCTCAGGATTCATGTCGATGTCTTCCGGT,0
ATCCCTAATGTCTACTTCCGGTCAATCCATCTACGTTAACCGAGGTGGCTATGTGTA,0
TGGCGTCTATCGGTGAACCTCCGGTATCAACGCTGGAAGGTGACGCTAACGCAGATG,0
TCTCGTGGATGGACGTTCAACATTGAGGAAGGCATAACGCTACTACCTGATGTTTAC,0
TATTGGCTTGCTCAAGCATGAACTCAAGGCTGATACGGCGAGACTTGCGAGCCTTGT,0
TAGAGGGTGTACTCCAAGAAGAGGAAGATGAGGCTAGACGTCTCTGCATGGAGTATG,0
CAGCGGCAGCACGTTTCCACGCGGTGAGAGCCTCAGGATTCATGTCGATGTCTTCCG,0
TTACGTTGGCGACCGCTAGGACTTTCTTGTTGATTTTCCATGCGGTGTTTTGCGCAA,0
ACGCTAACGCAGATGCAGCGAACGCTCGGCGTATTCTCAACAAGATTAACCGACAGA,0
GGTGTTTTGCGCAATGTTAATCGCTTTGTACACCTCAGGCATGTAAACGTCTTCGTA,0
AACCATTCCGGTTGACTCAATGAGCATCTCGATGCAGCGTACTCCTACATGAATAGA,0
AGACGTCTCTGCATGGAGTATGAGATGGACTACGGTGGGTACAATATGCTGGATGGA,0
TGTTGATTTTCCATGCGGTGTTTTGCGCAATGTTAATCGCTTTGTACACCTCAGGCA,0
TGCACGGGTTGCGATAGCCTCAGCGTATTCAGGTGCGAGTTCGATAGTCTCAGAGTC,0
AGGCATGTAAACGTCTTCGTAGCGCATCAGTGCTTTCTTACTGTGAGTACGCACCAG,0
CCGAGTAGACCCTTAGAGAGCATGTCAGCCTCGACAACTTGCATAAATGCTTTCTTG,0
CGCTAGGACTTTCTTGTTGATTTTCCATGCGGTGTTTTGCGCAATGTTAATCGCTTT,0
TATGACCGAACGAGTCAATCAGACCGCTTTGACTCTGGTATTACTGTGAACATTATT,0
AGAGGGTGTACTCCAAGAAGAGGAAGATGAGGCTAGACGTCTCTGCATGGAGTATGA,0
GAGAGCATGTCAGCCTCGACAACTTGCATAAATGCTTTCTTGTAGACGTGCCCTACG,0
CCTCAATGGCCTCTAAACGGGTCTTGAGGGGTTTTTTGCTGAAAGGAGGAACTATAT,0
GTATTCTCAACAAGATTAACCGACAGATTCAATCTCGTGGATGGACGTTCAACATTG,0
CGCGACTACGATGAGATGCCTGAGTGCTTCCGTTACTGGATTGTCACCAAGGCTTCC,0
CTCGTCCTCAATGGCCTCTAAACGGGTCTTGAGGGGTTTTTTGCTGAAAGGAGGAAC,0
TAACATTAATAAATAAGGAGGCTCTAATGGCACTCATTAGCCAATCAATCAAGAACT,0
